phi,psi
-141.4366,96.61518
-98.92873,107.58268
-123.25147,122.3565
-86.71198,120.48641
-105.67122,122.48508
-120.46021,85.58852
-69.68288,-32.926025
76.04274,-139.1086
-122.743034,165.18802
62.109875,-121.771675
-77.34767,-8.336669
-49.442894,-53.746525
-64.90074,-31.043938
-69.35784,-49.027626
-72.77343,-35.84191
-64.64711,-44.83829
-55.492855,-42.240726
-60.910713,-42.470654
-64.298416,-42.146717
-59.06895,-30.746565
-70.666985,-42.87464
-61.166645,-47.694965
-61.75675,-44.459763
-59.982372,-38.253315
-65.800606,-43.42835
-62.957973,-45.395832
-57.838966,-43.70101
-65.52137,-41.02769
-70.9443,-42.15205
-104.34056,-7.25042
58.01047,59.992508
-83.26645,-11.652127
63.040993,33.108112
-53.45042,122.3188
-134.88222,109.57086
-122.91098,151.56255
-134.22717,144.62456
-100.42197,138.17863
-131.63588,145.76376
-71.593094,136.31706
-156.24275,146.41408
66.10308,-140.70357
-57.47817,-29.81783
-69.2804,-39.551056
-67.672874,-41.24105
-56.451283,-47.292797
-61.561546,-32.62302
-94.03581,-38.920536
-119.82594,-12.121863
86.353455,3.0307302
-148.33249,150.74854
-82.400856,-15.534301
-132.60298,67.01731
-71.14069,169.00485
-48.95157,-49.54604
-65.33237,-26.763035
-76.860176,-43.414127
-55.28012,-48.66025
-58.43401,-46.832397
-58.14926,-46.859676
-57.419304,-46.518707
-60.27802,-42.53709
-88.73327,-6.0243783
-86.211975,165.69751
-88.64692,-22.547598
-157.18378,160.00592
-118.72218,133.50456
-110.23772,117.769554
-116.01196,140.6125
-83.63465,-104.96239
-159.01903,155.26787
-125.22166,159.65027
112.60313,161.73518
156.45012,173.04092
-57.691536,-25.765598
-62.29001,-28.426275
-105.25843,12.547
-61.014053,132.94977
94.31459,-8.896344
-67.157005,147.94151
-50.148556,143.30989
-57.634296,-39.09494
-64.41042,-16.331947
-120.649254,19.55482
-73.51501,153.91623
-55.57748,-39.791897
-71.725624,-28.289793
-63.228462,-31.641607
-59.251747,-40.3275
-73.336266,-41.207893
-53.109867,-47.20342
-63.379055,-41.26551
-58.039757,-49.813416
-59.117817,-48.172062
-68.83745,-43.20975
-70.33054,-24.549364
-97.136536,1.1748562
44.478577,56.176094
-92.0383,80.18994
-86.053696,-15.605135
-110.83797,114.325584
-107.06398,116.60291
-100.18728,119.70143
-128.68272,97.64504
-91.427414,153.35812
-142.66753,120.70246
-136.59413,147.89793
-107.550476,107.94157
-60.360863,137.29663
-52.48452,124.6128
100.91701,-20.312016
-100.65741,12.678734
-58.366734,-30.06637
-59.462555,-29.079155
-66.571335,-22.465326
-74.63998,144.95819
-70.9338,-15.536169
-73.259476,144.40698
-47.09012,141.80708
-48.78619,-45.52473
-71.88651,-21.526228
-79.85484,-42.58231
-71.790565,-26.37458
-55.11922,130.48921
74.48326,5.7621036
-67.156555,132.31758
-156.60068,135.95358
-165.00885,117.46037
-87.28465,125.324875
-108.9876,105.993195
-109.39614,130.81415
-66.189735,125.045235
-111.478546,-15.748406
-117.877525,8.72265
-132.35237,-160.30356
72.359955,-162.21382
-62.769035,-24.991926
-62.178814,-31.9946
-123.38692,2.097926
-71.983154,145.26506
-115.4289,150.06969
-76.286476,158.36975
-151.70316,145.77617
169.41644,-178.07744
-153.8918,147.57336
-120.59344,-175.5359
-54.891224,-26.8306
-99.51771,-25.651999
-165.16692,166.38023
-138.7068,157.95845
-151.1582,151.84045
-145.70882,157.87442
-125.23365,121.01045
-89.151794,110.3618
-135.05347,135.01402
-134.35002,141.221
-96.93689,166.23882
-57.265087,-50.75608
-61.417286,-33.593254
-66.136986,-44.173153
-64.89879,-41.21379
-58.64778,-45.416218
-75.24955,-35.289185
-70.84894,-38.926857
-58.44845,-42.096992
-58.539207,-44.178703
-58.52117,-41.825054
-66.65748,-47.241756
-62.018623,-42.49357
-66.34098,-34.59559
-67.19581,-45.492657
-60.077312,-42.001183
-48.782284,-39.14677
-82.89908,-5.6814194
-122.092896,-115.50105
-113.38927,-51.95227
121.357544,131.9444
-123.94222,135.27199
-116.603485,125.590485
-97.05797,141.08093
-125.77309,130.74034
-155.3558,-177.53911
-122.20957,55.520035
-61.65016,-22.269995
-76.05507,-11.408005
-122.57676,-32.93048
-118.06601,124.3286
-42.819275,-45.506157
-68.54514,-29.559614
-68.01001,-41.848503
-59.11371,-50.77663
-58.233047,-48.8115
-51.357567,-55.09087
-57.766163,-49.23173
-61.22089,-38.73967
-72.715485,-42.190216
-61.67876,-38.106464
-62.500187,-44.505604
-58.04867,-46.85363
-63.789284,-35.562824
-56.029427,-32.696617
-56.473713,-28.662466
-83.03223,1.9540644
-130.77379,65.66863
-67.15436,-11.234813
-86.63142,2.0279753
-122.47364,134.7202
-83.35587,136.46921
-123.055595,128.33049
-124.932945,156.97827
-118.351006,144.88933
-136.54735,141.09787
-63.93256,139.70619
-53.1221,-39.433987
-63.98989,-51.191257
-64.76454,-35.082443
-61.18655,-40.524067
-65.08116,24.21585
20.313688,-36.77669
-62.59113,-29.552013
-89.198135,-38.39325
-78.55972,-34.912125
-138.10298,49.171207
-61.958004,-27.707447
-66.3491,-15.2627
-69.21535,-22.9247
-104.78946,144.7574
-116.406204,-85.92064
-100.30598,137.91824
-121.665276,115.75216
-107.09758,135.5076
-162.20805,172.89586
-81.55087,-171.44151
-64.72057,-55.33917
-75.308105,-36.37849
-71.03878,-32.28837
-66.331085,-40.35341
-55.03639,-49.88595
-65.21542,-48.999138
-65.63708,-28.350006
-78.7059,-36.921135
-62.224792,-38.428947
-62.52451,-43.49653
-55.804043,-22.753817
-58.86335,-23.061686
-76.128716,-12.251098
-67.066086,-65.020096
-72.85585,-24.785917
130.83876,-10.376588
-153.14217,145.82182
-66.7913,-15.370181
-68.908554,-6.9944997
-95.227425,-19.33239
-90.93984,116.34973
-87.1489,174.11496
-156.10371,157.13762
-127.86874,145.27316
-125.988525,118.59707
-126.972725,147.48209
178.42297,-74.78812
-8.268456,-145.73958
-73.22631,122.29812
-70.61447,147.33517
-121.498245,134.94112
-127.46182,126.186874
-153.95381,157.12982
-62.873066,151.11946
-60.146618,-41.78644
-64.293396,162.12141
-88.517876,-147.78355
-96.162704,-2.5402393
40.074715,63.965637
-62.48113,51.906555
-17.794027,-1.7858254
-55.121834,135.42741
83.69247,-1.7682496
-97.77972,1.8251474
63.712955,24.490898
-114.56116,-16.003714
-48.27357,128.42357
-67.1258,117.21999
-87.597916,4.144708
-56.468052,-44.905346
-64.046165,-43.164635
-61.469116,-46.2305
-59.79384,-47.010136
-70.56506,-18.625568
-74.38566,-37.702843
-60.532825,-34.190548
-68.437515,-42.366642
-60.623566,-40.90487
-58.2442,-48.58918
-54.204357,-46.274734
-70.02853,-56.369267
-80.85758,-38.628914
-85.066124,-30.583616
-121.874794,-3.1767967
70.80121,13.988034
-91.76035,68.88191
-64.547714,-46.62506
-65.00855,-37.422375
-63.53842,-46.27079
-53.488216,-45.177826
-62.744106,-38.196243
-63.228573,-41.22608
-59.335358,-48.75939
-58.44936,25.725437
16.82073,-34.139782
-61.98812,-48.335323
-60.153656,-46.8887
-55.01687,-40.96795
-70.065926,-39.92916
-54.972134,20.948746
14.245747,-50.598354
-137.86398,75.74975
-65.46833,148.08412
-81.16568,174.54642
-69.63345,-25.348097
-74.10961,-8.178531
-121.01984,25.915207
89.6474,1.2655642
-104.85781,-163.40927
-131.96576,14.52513
-81.3996,111.4049
-72.3486,-173.92888
-61.338993,-49.439724
-70.01823,-42.543533
-63.13633,-46.270233
-60.19079,-47.212914
-60.25345,-40.91134
-55.09112,-44.044582
-59.50771,-43.734833
-55.625843,-50.943775
-61.249928,-33.936268
-69.3179,-41.40806
-63.02624,-39.969242
-63.722237,-46.142773
-60.358273,-37.837727
-65.60953,-42.72622
-62.14811,-35.24843
-85.97907,-96.56849
-49.096928,-34.28647
-2.37461,112.48548
-142.19542,82.41085
-87.51196,113.558655
-121.103775,129.53258
-94.02163,125.639336
-108.5616,123.589134
-120.05989,82.15986
-64.5321,-38.026688
81.138176,-136.50436
-124.25068,165.48526
58.041542,-126.28293
-75.27837,-6.759789
-47.617264,-53.954494
-65.10892,-32.554966
-61.15173,-56.262665
-74.678955,-32.424053
-63.89812,-43.140522
-54.910297,-43.024857
-65.29955,-47.03502
-53.38119,-41.771107
-63.626396,-38.04652
-61.872948,-42.89593
-62.78866,-47.13872
-62.548687,-40.841705
-62.211685,-38.6174
-67.23161,-38.2866
-62.763332,-47.558197
-56.152374,-47.441612
-61.778275,-44.02729
-73.576706,-31.435564
-112.25613,-10.347245
54.42653,72.40207
-95.89331,-6.6713653
62.826763,32.271225
-61.948635,124.45803
-134.79689,107.55748
-122.671486,162.09047
-141.03284,145.38196
-101.33921,129.87506
-123.66405,145.35051
-72.12914,145.93817
-163.34007,150.79929
65.37634,-140.90341
-56.560493,-44.635822
-56.631203,-36.9548
-76.69732,-36.94418
-56.48407,-49.475216
-63.076054,-33.189754
-94.220245,-36.855
-123.33352,-11.080247
89.4764,-2.4211295
-149.84375,151.57997
-75.15878,-18.311363
-127.88306,72.200615
-78.33234,168.81984
-53.07442,-47.158478
-65.84152,-34.10536
-68.6614,-39.549915
-58.92174,-48.229652
-59.757816,-46.75059
-58.48245,-42.169815
-62.961838,-42.79343
-62.160213,-46.43058
-81.01543,-10.728855
-84.013275,158.76022
-87.39282,-18.820148
-160.86139,154.14133
-112.62812,127.60351
-101.54278,114.01154
-117.47088,138.1568
-85.00763,-107.09913
-151.6695,155.87215
-122.57455,157.06871
113.992805,162.61813
159.65617,162.31319
-57.706944,-21.827776
-61.67992,-29.169327
-105.10315,9.034601
-57.273243,140.27394
89.70163,-2.3558872
-68.87022,155.68999
-56.58792,143.87831
-55.838314,-38.55437
-49.40391,-31.775072
-125.88522,18.51689
-67.54146,150.96754
-51.43401,-43.17443
-65.675026,-32.112457
-67.240326,-29.680826
-62.53847,-39.401234
-70.49722,-42.17066
-51.45788,-44.582874
-70.16689,-38.70744
-55.14247,-52.57974
-58.17624,-45.24761
-73.574844,-38.485714
-71.657005,-26.642197
-98.72075,3.1360416
46.574898,47.942543
-82.64861,83.987114
-84.52022,-18.815405
-109.676575,108.10903
-97.1038,115.39296
-99.24205,116.32875
-125.74011,95.35768
-86.60425,149.57393
-138.64412,114.85409
-129.12518,149.63736
-109.43097,108.695076
-65.54034,142.76547
-52.302162,130.30424
87.767715,-4.3418045
-113.21038,13.348944
-58.17078,-33.827553
-63.151554,-17.263556
-71.825096,-21.81184
-71.85033,151.001
-75.77271,-19.828537
-68.349304,149.30598
-53.35154,146.45851
-47.74669,-43.45149
-67.3205,-22.301851
-83.64139,-42.540985
-72.200005,-28.416737
-56.327538,133.7949
74.87732,2.6704686
-64.33391,130.72269
-154.49701,97.83315
-126.09202,141.47685
-123.11564,113.52718
-84.950226,131.07541
-114.658295,109.89953
-112.99459,133.54257
-71.022644,129.39883
-113.826035,-18.235342
-112.07517,4.186242
-129.90633,-155.50822
72.12373,-163.54706
-63.26473,-23.51802
-56.52994,-34.62273
-122.54645,-11.456301
-61.263226,140.72673
-114.095764,149.46121
-78.405075,167.82355
-159.17332,143.42346
170.26122,-179.02223
-156.8429,132.96645
-119.99943,-171.0009
-61.988556,-36.339878
-86.139046,-21.514153
-171.63347,169.82011
-146.75781,158.10294
-147.0661,147.89975
-142.98018,152.16609
-116.53403,116.61606
-81.92326,113.87037
-149.83977,155.158
-149.29852,140.83366
-98.7849,-127.21091
17.820856,-31.02846
-72.35617,-40.71954
-64.47619,-48.712543
-54.68438,-47.36319
-73.23197,-34.159817
-74.33605,-34.41628
-63.81018,-44.46883
-56.584843,-46.54449
-54.761414,-46.121506
-58.95122,-47.732338
-65.44806,-39.357544
-67.36533,-36.160664
-67.69051,-44.28248
-54.948322,-38.676003
-61.2489,-32.273582
-85.29232,-3.5731218
-120.11303,-115.09713
-115.32523,17.914135
60.63849,85.253586
-175.4876,129.26581
-109.80238,128.64891
-103.60697,132.33578
-116.66048,128.57893
-153.50383,-174.7621
-123.43974,53.054962
-64.63589,-20.122084
-74.24359,-15.798765
-120.8747,-30.341797
-112.06567,123.271286
-44.753937,-42.902336
-66.66418,-33.106472
-67.734634,-41.441998
-64.44898,-45.490795
-60.521618,-42.793114
-59.59122,-51.866543
-58.39968,20.149605
20.277794,-46.427048
-58.393078,-40.607594
-58.97457,-43.246883
-64.43085,-46.0828
-61.38979,-42.420353
-58.27831,-25.012266
-64.66064,-20.81282
-78.72832,-14.292569
-123.026405,66.342155
-76.54816,-15.5047245
-71.04256,-8.384333
-105.43141,122.528046
-68.482086,138.82974
-123.79913,126.778885
-129.60089,153.65327
-116.552124,135.66762
-129.87233,141.97101
-68.9943,147.72739
-59.647926,-36.594975
-67.434814,-45.882225
-67.01927,-34.455017
-61.809654,-42.39626
-57.860916,-43.6418
-61.74334,-52.116314
-58.551792,-36.688015
-63.924397,-34.44875
-86.84266,-40.484806
-75.4611,-36.14744
-136.35634,47.330284
-60.933872,-26.01503
-70.49935,-18.203888
-74.776436,-15.740931
-97.45552,145.20699
-115.78604,-81.07878
-106.389114,132.96027
-118.30632,119.11613
-110.07397,137.34116
-161.20955,173.9212
-76.89022,-177.85721
-60.17087,-60.358547
-67.428024,-40.54758
-66.91853,-33.95518
-71.40402,-38.012985
-50.003304,-58.599438
-54.59819,-56.82865
-64.09221,-30.76098
-72.40331,-35.763607
-64.081635,-42.445717
-58.16828,-42.724422
-56.10662,-22.56007
-63.30647,-22.855242
-72.489204,-14.035862
-67.271996,-64.10635
-70.786865,-22.858355
126.562904,-8.63528
-160.11615,141.8318
-66.77772,-16.189543
-70.86399,-6.86061
-97.3484,-22.480185
-91.726456,119.61951
-92.695564,172.81625
-153.05342,156.52835
-121.657394,145.06299
-119.71762,117.54174
-125.202194,150.3788
174.7362,-133.26183
-81.836365,-33.39412
-104.15706,-148.8474
-73.580765,122.25539
-71.55785,146.3028
-118.0095,138.63197
-129.9028,126.38137
-155.87872,156.34901
-59.65393,151.08374
-60.44452,-42.85011
-62.94102,162.54463
-87.28239,-155.2812
-86.564316,-5.071
40.85285,60.710033
-56.5351,-24.120815
-72.469215,-15.790293
-124.08547,-1.4721395
-55.959965,134.1654
80.132095,2.4354954
-92.99159,0.71363324
63.39335,26.545382
-120.93361,-18.263374
-47.15345,130.62961
-71.62523,119.59699
-89.29211,4.8249817
-49.49678,-50.90179
-57.304993,-44.43324
-66.433395,-44.715305
-62.2508,-44.322258
-74.50618,-18.089216
-73.91144,-34.26032
-67.24837,-37.044884
-60.610832,-48.428265
-60.687428,-36.75678
-60.27929,-46.685673
-59.24358,-40.348064
-68.868416,-55.888138
-85.30244,-33.970673
-93.64535,-34.64981
-113.554504,-2.7932527
69.82968,10.032408
-84.88086,70.56973
-71.7744,27.602251
17.031937,-32.476856
-62.416756,-45.872627
-64.19,-36.426006
-63.518658,-44.407917
-60.12587,-46.76394
-57.536167,-39.77918
-68.77147,-37.99673
-70.650696,-35.530354
-61.513935,-50.867924
-50.33037,-48.990772
-66.16831,-41.181732
-57.023563,-47.13957
-58.595478,-34.639492
-66.30787,-47.522285
-82.741615,-44.748684
-137.73994,72.28565
-64.24956,149.5034
-81.78703,172.77908
-68.56196,-24.991522
-72.129425,-9.043273
-121.387314,17.82724
92.229065,3.8855355
-107.756645,-173.93005
-118.09917,11.01613
-84.49588,115.55702
-63.509388,176.12358
-51.04959,-49.21849
-69.74498,-44.43939
-61.228683,-41.579834
-63.11568,-50.057198
-50.846554,-42.505863
-63.389225,-36.479557
-66.99787,-45.085995
-56.928055,-47.192062
-58.447037,30.811838
16.930498,-41.807137
-53.47087,-39.006775
-75.31035,-30.058321
-67.567024,-50.671253
-55.342552,-35.203255
-56.275608,-19.472332
-87.35371,-67.1803
96.34879,155.09654
-146.20006,87.62679
-88.422165,110.98125
-120.51645,125.20966
-85.38345,117.03976
-100.08399,126.00374
-127.55567,89.96695
-74.606636,-33.556744
79.51607,-139.34796
-124.945564,164.04822
64.22818,-126.92031
-76.76588,-4.709652
-53.62486,-49.975544
-64.56519,-31.353895
-70.74241,-50.446255
-72.698044,-32.438927
-63.88464,-41.387646
-61.333645,-42.458908
-58.623035,-44.30305
-62.39828,-42.88131
-58.83833,-37.526623
-65.83648,-41.052444
-64.7449,-44.470234
-63.0825,-38.13518
-65.79527,-39.460983
-65.42628,-44.97642
-55.79105,-48.607136
-59.3444,-42.792603
-66.24584,-44.61838
-67.85318,-41.288883
-103.87157,-12.166168
67.62006,58.211655
-86.329185,-2.60595
55.41935,32.181255
-53.773308,127.9826
-138.97734,112.18484
-126.279015,153.54272
-132.24352,145.12332
-95.93727,136.68738
-129.36804,146.86543
-73.48701,138.29607
-152.65111,152.2743
62.118004,-139.11084
-48.37334,-42.72705
-67.300896,-35.376495
-71.70598,-42.67099
-52.4875,-47.527546
-63.99536,-30.869453
-102.65803,-36.380463
-116.49052,-9.507011
86.937065,0.058509123
-150.97197,150.89536
-76.93327,-18.117796
-131.82095,74.26666
-81.16691,172.26411
-57.67164,-46.689846
-66.26956,-30.905014
-69.2026,-40.967777
-60.34591,-45.854282
-64.29286,-45.148666
-57.583153,-42.6962
-61.337593,-47.486908
-61.552082,-35.82705
-93.26273,-6.737088
-87.62811,160.85889
-88.68927,-23.715807
-152.64246,155.9277
-110.80232,133.81596
-107.7534,115.585655
-118.70336,138.03316
-85.61396,-103.03164
-152.74841,158.38676
-124.238304,161.05794
105.16923,167.55663
154.76723,165.23573
-50.440395,-26.090675
-63.842476,-31.975807
-98.46903,7.978111
-57.148983,125.658806
106.505264,-0.10420485
-67.88921,150.04456
-53.83442,136.61081
-51.75601,-40.64388
-58.676647,-16.475986
-123.13019,16.268917
-68.028015,152.72624
-57.197342,-40.475178
-66.29709,-33.381912
-62.33139,-30.7302
-68.995,-34.219963
-68.590996,-43.636223
-54.67284,-43.738342
-70.82926,-36.478687
-60.721264,-46.96945
-61.62081,-43.75118
-71.65587,-47.285442
-65.3281,-23.954798
-99.8335,2.9263966
45.022087,51.99758
-87.02355,78.12942
-81.474075,-16.454636
-109.81314,112.47481
-102.6196,114.444534
-96.293816,116.857925
-128.545,89.61941
-79.24516,147.55624
-136.59163,120.22293
-133.14511,146.48154
-105.69892,106.2062
-61.671944,140.06726
-54.82231,129.34676
95.77693,-17.19887
-108.01485,20.049126
-65.82349,-35.217533
-49.02402,-32.855793
-67.10516,-22.453205
-72.90805,145.61505
-72.02569,-15.766119
-75.2348,142.49594
-47.648037,142.06161
-48.397377,-42.909798
-72.01577,-19.631
-86.41029,-42.24392
-67.83058,-26.952166
-57.98461,132.0783
77.78254,5.134916
-67.262146,131.61021
-158.57175,98.07025
-126.802765,144.4104
-120.87543,116.244194
-83.52458,126.53648
-108.56936,104.877335
-108.70102,130.36397
-68.96775,126.47993
-110.57538,-20.982542
-112.60523,10.451815
-132.28218,-152.6799
65.49626,-157.0573
-69.43557,-24.209951
-54.851658,-35.82524
-118.94109,-5.79687
-66.12188,138.04088
-113.02859,152.34163
-68.56945,162.27704
-155.68631,146.79994
165.68837,-172.64494
-155.16693,147.17458
-126.46157,-178.8478
-58.115574,-27.234488
-100.169815,-17.824194
-169.61911,165.11008
-137.52629,155.72281
-149.62709,149.58368
-143.79044,152.26973
-118.7581,116.42806
-87.18981,115.4702
-145.79599,149.13928
-140.64388,142.06416
-93.674095,162.24634
-50.96482,-55.15389
-61.5893,-31.558311
-63.751328,-45.336708
-66.576225,-38.791477
-62.225784,-46.140785
-71.4264,-33.342278
-78.44679,-37.43993
-54.45613,-44.23243
-58.672207,-45.97794
-56.73264,-43.0213
-67.72614,-46.1723
-62.801556,-39.041664
-68.43156,-38.605877
-64.44479,-42.53313
-60.95618,-37.363605
-63.910313,-29.725708
-86.53457,4.660511
-129.5046,-113.69819
-115.85889,18.262018
59.233532,82.103455
-173.10806,134.87015
-114.294495,127.406334
-100.170616,137.79233
-122.79773,129.02583
-153.398,-174.12851
-127.45185,55.215435
-61.44535,-23.500946
-74.83233,-6.1445413
-130.72868,-34.709854
-114.914024,128.95667
-53.34007,-37.74674
-67.68635,-30.027418
-72.67917,-41.2609
-63.774555,-43.82582
-63.06182,-48.51405
-51.25825,-53.07684
-64.475945,-48.80402
-57.59543,-40.152275
-70.451225,-42.801735
-64.659904,-43.753407
-54.324566,-46.78674
-56.612938,-50.550312
-63.636074,-37.690918
-57.316612,-30.81107
-61.571712,-24.4609
-80.88654,-2.8223262
-131.44081,64.44246
-65.93697,-19.289354
-68.48986,-12.273444
-109.26394,126.39881
-70.09344,134.68855
-121.86019,135.5243
-138.69354,151.88087
-116.40351,137.73703
-132.31953,142.50258
-68.74496,144.8282
-56.726547,-36.627983
-67.361916,-48.810272
-67.68163,-34.421417
-60.333355,-43.169018
-59.939793,-38.878326
-68.41105,-48.90344
-62.767834,-34.93876
-56.82022,-42.72193
-81.912796,-38.761284
-78.59596,-33.7845
-145.42574,65.32159
-60.809544,-30.493876
-67.964615,54.392376
21.156866,142.81265
-109.292694,-80.82007
-104.022545,133.09523
-119.48231,122.08002
-112.187706,130.84116
-157.96565,171.47284
-80.825165,-173.80283
-57.145794,-60.412163
-72.95131,-40.124584
-62.253754,-34.85446
-72.22653,-32.999886
-63.50448,-49.844296
-63.541134,-52.674305
-58.71598,-33.65142
-76.860695,-32.474854
-67.42289,-36.668648
-65.55937,-40.153214
-59.68026,-20.328856
-65.56413,-21.322618
-72.292404,-10.43502
-68.5133,-66.774864
-70.13754,-26.77831
129.72021,-8.141024
-157.20546,142.71065
-66.21367,-16.9626
-73.91552,1.3000387
-97.714455,-23.609598
-88.611824,116.70146
-87.738335,172.81836
-154.4201,161.00241
-127.121735,147.55151
-127.950485,115.82099
-121.52881,145.48692
-178.90808,-131.00377
-79.617195,-38.974796
-101.87955,-140.63934
-74.72731,123.63932
-69.69578,149.04863
-127.69738,138.95453
-130.15045,122.97083
-155.29303,153.7464
-58.54393,147.98824
-55.06587,-45.534092
-60.362816,160.35934
-94.86885,-147.14888
-87.2982,-3.4401233
38.5931,60.465233
-56.758144,-25.039867
-65.67991,-20.05313
-123.64901,-2.5504446
-52.87568,141.70174
76.45178,3.1171873
-102.90191,2.3536344
67.57724,23.406818
-118.85812,-17.535145
-46.92077,128.52301
-69.233154,118.85063
-86.371864,-1.1322185
-52.879093,-48.4366
-58.349308,-46.454216
-64.96779,-46.18217
-61.626488,-38.996006
-79.318115,-21.453537
-68.773186,-35.59342
-69.21352,-33.234165
-65.04301,-43.325436
-59.02547,-38.20711
-61.501648,-52.978962
-49.68687,-48.198997
-67.310776,-56.92
-78.947136,-43.127125
-84.21692,-29.857653
-121.56595,-2.8977685
75.452614,14.315075
-94.82428,66.70072
-63.95646,-43.96469
-60.43564,-47.11861
-67.75159,-37.401474
-55.203938,-46.03461
-60.859055,-41.892014
-59.406063,-40.78655
-61.41394,-45.726322
-60.355686,24.588104
19.974886,-42.21895
-57.37764,-48.37093
-56.99632,-41.712578
-65.97743,-43.92279
-61.710308,-41.531105
-58.2019,21.16023
8.858265,-43.520782
-141.24902,70.399796
-69.15142,146.98096
-72.12564,169.69987
-67.16858,-28.820717
-64.11087,-10.821657
-121.23526,18.05606
86.2163,2.9442565
-103.41766,-171.88185
-115.00632,6.8740454
-79.66503,112.212074
-73.92592,175.81416
-52.199863,-47.572746
-61.736843,-46.7614
-69.88728,-37.2908
-65.307724,-48.906128
-55.53897,-41.988754
-57.40356,-41.34715
-64.00803,-40.11478
-58.346905,-53.216858
-55.967125,27.820042
15.043694,-33.889877
-66.37341,-38.251957
-63.969143,-37.19554
-74.75963,-17.642286
-88.76608,-127.98602
-6.568899,113.76051
-139.8097,89.35719
-92.59139,116.17575
-125.685974,129.84361
-90.769,128.16681
-111.19568,119.307846
-116.16709,83.16538
-68.65346,-33.496567
75.49112,-135.49472
-121.56771,162.48561
61.198345,-123.739876
-79.285995,-6.054461
-50.217957,-53.46902
-67.45095,-31.357273
-62.100224,-50.472298
-77.40944,-28.23986
-71.440834,-38.275257
-61.332436,-42.595448
-54.75029,-51.49561
-57.13233,-40.91501
-61.01191,-41.133293
-58.203068,-44.17011
-62.775703,-47.27423
-61.968094,-38.31264
-67.068924,-38.620163
-62.94714,-40.299725
-68.09166,-44.75787
-57.52858,-47.63118
-61.499924,-48.046074
-68.59512,-33.88431
-112.056465,-14.761328
64.99549,66.998764
-93.22829,-4.1320324
56.36537,35.9708
-53.896595,122.38292
-133.42772,112.581764
-127.034035,161.9005
-144.51234,144.16582
-96.82873,131.56151
-128.4018,147.71014
-73.559555,142.40651
-159.352,150.16501
67.56462,-140.72147
-60.278168,-33.552628
-63.19264,-38.690666
-71.06711,-45.27917
-52.78018,-48.699196
-59.24708,-33.587013
-97.67216,-34.389717
-117.439186,-12.20075
88.37372,-4.7418494
-148.49023,152.71165
-82.88536,-17.123362
-132.6327,69.6699
-76.11645,174.83452
-60.234116,-47.178925
-64.78873,-30.416561
-71.69463,-43.175648
-54.88052,-46.640816
-59.98848,-37.768673
-66.51022,-43.5957
-60.431458,-42.282467
-62.377625,-44.743965
-80.7042,-7.830665
-92.792076,157.83563
-86.651146,-23.96307
-154.54855,156.44334
-110.055435,125.66592
-103.70498,114.33192
-115.34663,140.53343
-85.62159,-105.38655
-153.41414,155.26791
-125.835365,160.45334
109.6645,159.64018
162.05931,166.52492
-60.782307,-21.234507
-59.937576,-30.42462
-105.28321,10.025407
-56.241367,137.66002
78.47792,6.9099436
-73.82795,151.73862
-45.556183,139.56418
-52.19507,-46.23116
-39.766922,-37.422626
-124.90468,23.665562
-75.11813,154.71576
-55.03146,-41.900787
-64.86092,-30.89569
-70.239876,-28.03208
-65.27201,-40.602783
-63.159035,-44.55356
-57.434513,-43.670925
-62.516182,-44.999306
-53.314358,-49.835484
-63.0521,-42.803123
-73.37725,-40.726917
-67.17177,-33.51487
-91.12926,2.478627
43.240623,55.78456
-90.60423,83.00264
-83.14376,-19.239447
-108.508415,109.65357
-102.63286,115.5165
-102.322105,116.30838
-125.60118,92.839836
-84.602516,154.92746
-141.52992,119.99082
-130.77107,152.00572
-113.45901,106.152084
-63.997303,139.35324
-50.36313,130.513
89.02633,-6.3402147
-112.16343,15.005039
-61.576374,-29.186106
-66.85132,-18.38672
-72.19456,-22.348307
-67.95328,148.56396
-76.560616,-15.815523
-74.306175,149.56303
-52.268044,147.9064
-53.345085,-43.99715
-66.67771,-16.409777
-88.26681,-43.158684
-67.01653,-29.417936
-58.51121,135.61525
69.58189,4.3661737
-62.184406,129.65474
-154.92175,136.91017
-167.5834,120.41971
-90.44145,129.65324
-112.920166,111.1302
-110.137184,133.93794
-73.14797,129.8324
-113.65004,-20.762417
-116.95306,11.170654
-130.57202,-159.00224
71.97468,-162.45268
-62.554672,-22.182741
-64.42497,-31.182228
-122.86538,-7.549347
-66.0571,139.60925
-108.53748,148.87766
-82.21193,158.91881
-150.09003,145.7309
171.7904,179.73492
-154.10245,134.09535
-118.52644,-169.81439
-65.74238,-30.229713
-86.76629,-31.008438
-167.31303,172.75243
-147.14069,151.80922
-145.61319,150.06503
-142.19826,158.54388
-124.60246,117.15829
-83.23526,101.67461
-124.82829,132.18425
-133.3062,134.78442
-92.96585,159.3141
-48.96656,-52.69657
-58.741486,-33.536713
-67.86411,-41.570713
-69.64829,-42.024452
-61.80404,-44.393745
-68.108475,-38.6961
-69.985954,-41.384544
-55.082867,-48.412537
-59.075428,-43.212666
-54.05933,-47.776585
-62.309044,-48.899258
-61.175526,-43.824783
-63.695236,-40.35446
-63.553818,-47.358547
-56.793655,-36.174614
-60.620216,-32.06715
-84.09127,-7.31332
-117.5741,-117.19763
-109.99619,19.819286
59.09151,34.527267
-126.666626,131.74808
-123.569695,133.87633
-111.04444,132.7947
-105.98152,138.20912
-123.87074,125.17792
-152.30931,-174.93288
-124.77009,56.096813
-62.80943,-19.649233
-77.676704,-10.591143
-121.4456,-34.855427
-114.68172,123.53968
-44.076126,-46.80803
-64.460724,-32.28991
-68.125854,-43.31584
-58.598927,-45.92364
-60.23466,-47.62973
-52.984287,-56.480198
-57.541283,-51.25352
-57.7928,-40.38093
-67.14173,-44.39685
-64.37753,-42.68119
-49.199306,-49.33273
-61.890743,-42.445255
-64.97592,-37.85751
-66.29477,-15.583526
-71.04043,-18.140308
-88.27459,-3.4689796
-126.544556,72.77783
-67.95876,-19.478415
-82.03387,-4.3826675
-113.216896,128.77513
-73.71221,140.81816
-129.20192,130.20398
-127.65238,153.138
-117.2576,138.27795
-129.31291,141.1852
-67.034065,148.49487
-66.185074,-31.32136
-70.67053,-48.46082
-58.88921,-42.28144
-58.757324,-44.66831
-58.674107,22.126602
16.66421,-31.585077
-63.896652,-31.776653
-88.14847,-43.081444
-71.6077,-41.97739
-133.4157,50.249435
-61.988804,-34.9145
-60.460335,-14.567438
-72.67548,-12.4958725
-108.550255,141.97893
-113.24723,-83.44138
-103.80002,135.15746
-121.89999,119.41397
-110.25797,136.79733
-160.4068,170.9285
-80.84087,-173.12383
-63.514122,-56.680424
-73.34178,-36.22732
-66.52331,-38.000717
-68.01452,-34.15122
-59.66233,-50.997883
-64.4,-47.751476
-67.95737,-30.046444
-76.327065,-33.444115
-64.20191,-43.6224
-56.28305,-48.964497
-48.131084,-25.560751
-64.50171,-22.332268
-71.12646,-15.072287
-66.068886,-63.31536
-74.95221,-20.865322
127.66515,-10.96592
-157.49654,141.16716
-61.21827,-19.160217
-63.351665,-10.858644
-97.51714,-22.022802
-88.844765,116.90443
-88.639435,172.97482
-157.99242,158.71367
-128.71638,144.43694
-125.50656,116.17543
-124.57328,147.46262
173.76375,-130.89314
-82.03682,-32.245224
-106.79507,-143.75955
-75.27914,119.525444
-64.138916,148.04282
-122.97805,135.43167
-127.65753,125.971405
-156.70403,155.4225
-57.734592,143.60126
-57.83443,-40.274593
-65.74266,161.76659
-86.84446,-152.9031
-88.62558,-3.6002781
38.58713,64.08388
-63.79476,-17.764353
-71.82432,-16.442059
-126.7508,-3.5784202
-53.78992,137.07182
82.23221,-6.009373
-90.40941,-3.4472477
69.611336,26.962152
-127.74627,-13.005741
-47.046375,130.43263
-70.34357,119.10566
-91.28744,3.747897
-52.726776,-48.09057
-58.641483,-45.608047
-64.47077,-45.986603
-61.45831,-41.58481
-73.38982,-23.09091
-72.359795,-35.540276
-65.84094,-37.47689
-62.180397,-48.944263
-55.587524,-35.72789
-64.009964,-44.439396
-61.572517,-42.229443
-67.22285,-55.301456
-87.69952,-37.904476
-79.3604,-44.673206
-110.51469,5.1006618
59.91851,15.821949
-89.14493,67.63159
-65.82288,-40.563026
-60.8208,-49.537926
-58.90283,-37.17877
-63.304405,-46.121555
-58.97946,-39.80444
-63.43814,-42.473156
-61.855,-46.572006
-56.26282,-37.95493
-76.00206,-37.960182
-67.16144,-35.491776
-64.99747,-52.27949
-47.773754,-46.759098
-64.74391,-43.427074
-57.296055,-45.880054
-61.964725,27.885342
5.7908087,-46.276176
-133.4304,64.84056
-61.086815,151.88179
-80.858864,169.7591
-62.747192,-27.75419
-70.593666,-11.556945
-118.15867,21.420515
89.805305,6.7357397
-106.45067,-168.11826
-123.94407,11.255224
-86.31861,109.22785
-56.19358,174.5059
-57.21503,-52.24137
-59.64129,-46.330822
-59.347298,-47.824898
-62.641422,-45.27986
-56.049885,-42.6562
-61.930855,-37.981625
-62.386585,-51.266396
-52.712452,-47.101223
-62.219078,-43.600826
-59.3074,-33.176342
-75.910774,-44.708088
-50.578457,-50.23059
-63.73797,-34.08133
-68.55499,-45.522106
-92.51968,28.199125
